WBS_Element,WBS_Description,Project_ID,Project_Name,Project_Type,Department,Region,Company_Code,Controlling_Area,Plant,Cost_Center,Profit_Center,PM_User_ID,Project_Manager,Project_Start_Date,Project_End_Date,WBS_Start_Date,WBS_End_Date,Baseline_End_Date,Schedule_Variance_Days,SAP_System_Status,SAP_User_Status,Budget_USD,Actual_Cost_USD,Committed_Cost_USD,Forecast_Cost_USD,Cost_Variance_USD,Cost_Performance_Index,Planned_Revenue_USD,Actual_Revenue_USD,Planned_Hours,Actual_Hours,Remaining_Hours,Schedule_Performance_Index,Milestone_Total,Milestones_Achieved,Milestone_Completion_Pct,Risk_Score,Risk_Category,Network_Activity,Currency,Fiscal_Year,Fiscal_Period,Last_Updated_By,Last_Updated_Date,Data_Source,Extract_Timestamp
PRJ-2001.1,Project Management,PRJ-2001,SAP S/4HANA Global Rollout,Capital,IT,EMEA,2000,A000,P005,CC-ESG-001,PC-CORP-01,U10001,Anita Schreiber,1/10/2023,6/30/2025,1/11/2023,6/29/2025,6/20/2025,9,LOCK,U-HOLD,1480000,766903.35,139349.47,960618.81,573747.18,1.9298,0,0,10999.6,5246.6,5753,0.477,6,3,50,9,High,NA-CLOS,USD,2024,4,U10001,9/15/2024,SAP-BW/4HANA,2024-09-15T06:00:00Z
PRJ-2001.2,Requirements & Design,PRJ-2001,SAP S/4HANA Global Rollout,Capital,IT,EMEA,3000,A000,P002,CC-RD-001,PC-CORP-01,U10001,Anita Schreiber,1/10/2023,6/30/2025,2/1/2023,6/3/2025,6/26/2025,-23,LOCK,U-HOLD,2220000,1597971.69,165377.01,1836755.43,456651.3,1.3893,0,0,18995.4,14519.2,4476.2,0.7644,2,1,50,7,High,NA-PLAN,USD,2024,7,U10001,9/15/2024,SAP-BW/4HANA,2024-09-15T06:00:00Z
PRJ-2001.3,Infrastructure & Architecture,PRJ-2001,SAP S/4HANA Global Rollout,Capital,IT,EMEA,3000,A000,P001,CC-IT-001,PC-CORP-02,U10001,Anita Schreiber,1/10/2023,6/30/2025,1/12/2023,5/26/2025,6/12/2025,-17,REL,U-ACTV,2775000,1695233.77,150947.71,1956288.29,928818.52,1.6369,0,0,19957.7,12093.1,7864.6,0.6059,2,1,50,5,Medium,NA-TEST,USD,2024,2,U10001,9/15/2024,SAP-BW/4HANA,2024-09-15T06:00:00Z
PRJ-2001.4,Development / Construction,PRJ-2001,SAP S/4HANA Global Rollout,Capital,IT,EMEA,2000,A000,P002,CC-LOG-001,PC-EMEA-01,U10001,Anita Schreiber,1/10/2023,6/30/2025,2/1/2023,5/18/2025,5/7/2025,11,REL,U-ACTV,5550000,4444993.36,321970.05,5144427.49,783036.59,1.2486,0,0,50885.8,38004.8,12881,0.7469,4,2,50,4,Medium,NA-TEST,USD,2024,9,U10001,9/15/2024,SAP-BW/4HANA,2024-09-15T06:00:00Z
PRJ-2001.5,Testing & Quality Assurance,PRJ-2001,SAP S/4HANA Global Rollout,Capital,IT,EMEA,2000,A100,P004,CC-SEC-001,PC-EMEA-01,U10001,Anita Schreiber,1/10/2023,6/30/2025,1/16/2023,5/25/2025,6/14/2025,-20,REL,U-ACTV,2220000,1626837.25,231513.13,2116758.35,361649.62,1.3646,0,0,16996.2,11289.4,5706.8,0.6642,4,3,75,2,Low,NA-EXEC,USD,2024,5,U10001,9/15/2024,SAP-BW/4HANA,2024-09-15T06:00:00Z
PRJ-2001.6,Training & Change Management,PRJ-2001,SAP S/4HANA Global Rollout,Capital,IT,EMEA,1000,A000,P002,CC-SEC-001,PC-CORP-02,U10001,Anita Schreiber,1/10/2023,6/30/2025,1/26/2023,5/30/2025,5/21/2025,9,REL,U-ACTV,1480000,841870.78,112682.48,1012881.9,525446.74,1.758,0,0,12646.3,7766,4880.3,0.6141,5,3,60,3,Low,NA-TRNG,USD,2024,2,U10001,9/15/2024,SAP-BW/4HANA,2024-09-15T06:00:00Z
PRJ-2001.7,Go-Live / Commissioning,PRJ-2001,SAP S/4HANA Global Rollout,Capital,IT,EMEA,3000,A000,P003,CC-RD-002,PC-CORP-02,U10001,Anita Schreiber,1/10/2023,6/30/2025,1/31/2023,5/27/2025,6/10/2025,-14,TECO,U-COMP,1850000,1996851.93,0,2143681.16,-146851.93,0.9265,0,0,17595.4,20362.5,0,1,2,1,50,1,Low,NA-TRNG,USD,2024,1,U10001,9/15/2024,SAP-BW/4HANA,2024-09-15T06:00:00Z
PRJ-2001.8,Post-Implementation Support,PRJ-2001,SAP S/4HANA Global Rollout,Capital,IT,EMEA,1000,A100,P004,CC-IT-001,PC-CORP-01,U10001,Anita Schreiber,1/10/2023,6/30/2025,1/14/2023,6/7/2025,6/7/2025,0,LOCK,U-HOLD,925000,744076.91,42863.49,856396.72,138059.6,1.2432,0,0,6965.2,6065.2,900,0.8708,4,3,75,7,High,NA-TEST,USD,2024,5,U10001,9/15/2024,SAP-BW/4HANA,2024-09-15T06:00:00Z
PRJ-2002.1,Project Management,PRJ-2002,Next-Gen Manufacturing Plant,Capital,Operations,APAC,4000,A000,P003,CC-SAL-001,PC-APAC-01,U10002,Rajesh Nair,9/1/2022,12/31/2025,9/25/2022,12/23/2025,12/19/2025,4,REL,U-ACTV,3600000,1612855.72,388083.46,2512291.88,1599060.82,2.2321,0,0,26270.9,11736.8,14534.1,0.4468,2,1,50,6,Medium,NA-TRNG,USD,2024,4,U10002,9/15/2024,SAP-BW/4HANA,2024-09-15T06:00:00Z
PRJ-2002.2,Requirements & Design,PRJ-2002,Next-Gen Manufacturing Plant,Capital,Operations,APAC,1000,A100,P001,CC-ESG-001,PC-APAC-01,U10002,Rajesh Nair,9/1/2022,12/31/2025,9/4/2022,12/16/2025,12/24/2025,-8,DLVD,U-COMP,5400000,3687130.27,480528.52,4745147.46,1232341.21,1.4646,0,0,43636.4,30818.1,12818.3,0.7062,4,2,50,2,Low,NA-EXEC,USD,2024,4,U10002,9/15/2024,SAP-BW/4HANA,2024-09-15T06:00:00Z
PRJ-2002.3,Infrastructure & Architecture,PRJ-2002,Next-Gen Manufacturing Plant,Capital,Operations,APAC,2000,A100,P002,CC-LOG-001,PC-EMEA-01,U10002,Rajesh Nair,9/1/2022,12/31/2025,9/22/2022,11/30/2025,12/7/2025,-7,REL,U-ACTV,6750000,3053803.26,560994.5,3846601.32,3135202.24,2.2104,0,0,63091.5,30596.6,32494.9,0.485,2,1,50,4,Medium,NA-EXEC,USD,2024,2,U10002,9/15/2024,SAP-BW/4HANA,2024-09-15T06:00:00Z
PRJ-2002.4,Development / Construction,PRJ-2002,Next-Gen Manufacturing Plant,Capital,Operations,APAC,2000,A000,P005,CC-LOG-001,PC-CORP-02,U10002,Rajesh Nair,9/1/2022,12/31/2025,9/11/2022,12/25/2025,1/5/2026,-11,REL,U-ACTV,13500000,8780193.47,748301.71,10360977.29,3971504.82,1.5376,0,0,124779.5,73918.5,50861,0.5924,2,1,50,7,High,NA-TRNG,USD,2024,3,U10002,9/15/2024,SAP-BW/4HANA,2024-09-15T06:00:00Z
PRJ-2002.5,Testing & Quality Assurance,PRJ-2002,Next-Gen Manufacturing Plant,Capital,Operations,APAC,2000,A000,P004,CC-LOG-001,PC-EMEA-01,U10002,Rajesh Nair,9/1/2022,12/31/2025,9/27/2022,12/31/2025,12/22/2025,9,REL,U-ACTV,5400000,3155081.34,580222.42,3796365.52,1664696.24,1.7115,0,0,49158.3,30766.7,18391.6,0.6259,2,1,50,6,Medium,NA-EXEC,USD,2024,7,U10002,9/15/2024,SAP-BW/4HANA,2024-09-15T06:00:00Z
PRJ-2002.6,Training & Change Management,PRJ-2002,Next-Gen Manufacturing Plant,Capital,Operations,APAC,2000,A000,P003,CC-OPS-002,PC-CORP-01,U10002,Rajesh Nair,9/1/2022,12/31/2025,9/26/2022,11/26/2025,1/7/2026,-42,REL,U-ACTV,3600000,1742199.03,72775.94,2025802.72,1785025.03,2.0664,0,0,33838.7,17309.9,16528.8,0.5115,4,2,50,7,High,NA-CLOS,USD,2024,9,U10002,9/15/2024,SAP-BW/4HANA,2024-09-15T06:00:00Z
PRJ-2002.7,Go-Live / Commissioning,PRJ-2002,Next-Gen Manufacturing Plant,Capital,Operations,APAC,1000,A000,P004,CC-IT-002,PC-APAC-01,U10002,Rajesh Nair,9/1/2022,12/31/2025,9/3/2022,12/20/2025,12/8/2025,12,REL,U-ACTV,4500000,3061564.04,115724.37,3571608.29,1322711.59,1.4698,0,0,37532.1,27336.2,10195.9,0.7283,3,2,66.7,6,Medium,NA-EXEC,USD,2024,1,U10002,9/15/2024,SAP-BW/4HANA,2024-09-15T06:00:00Z
PRJ-2002.8,Post-Implementation Support,PRJ-2002,Next-Gen Manufacturing Plant,Capital,Operations,APAC,4000,A100,P001,CC-IT-001,PC-EMEA-01,U10002,Rajesh Nair,9/1/2022,12/31/2025,9/5/2022,11/19/2025,12/7/2025,-18,DLVD,U-COMP,2250000,1026260.13,192908.96,1409933.18,1030830.91,2.1924,0,0,17717.1,7694.4,10022.7,0.4343,4,2,50,2,Low,NA-CLOS,USD,2024,2,U10002,9/15/2024,SAP-BW/4HANA,2024-09-15T06:00:00Z
PRJ-2003.1,Project Management,PRJ-2003,Digital Customer Portal,Revenue,IT,AMER,1000,A100,P001,CC-OPS-001,PC-AMER-01,U10003,Sarah O'Brien,6/1/2023,9/30/2024,6/23/2023,9/11/2024,11/8/2024,-58,TECO,U-COMP,256000,244250.8,0,254434.5,11749.2,1.0481,442255.91,382053.43,2410.6,2475.2,0,1,3,3,100,3,Low,NA-PLAN,USD,2024,2,U10003,9/15/2024,SAP-BW/4HANA,2024-09-15T06:00:00Z
PRJ-2003.2,Requirements & Design,PRJ-2003,Digital Customer Portal,Revenue,IT,AMER,3000,A000,P001,CC-RD-001,PC-CORP-02,U10003,Sarah O'Brien,6/1/2023,9/30/2024,6/3/2023,8/21/2024,9/24/2024,-34,TECO,U-COMP,384000,362830.72,0,379059.88,21169.28,1.0583,619199.34,572155.6,2922.2,2674.3,247.9,0.9152,6,6,100,1,Low,NA-TEST,USD,2024,3,U10003,9/15/2024,SAP-BW/4HANA,2024-09-15T06:00:00Z
PRJ-2003.3,Infrastructure & Architecture,PRJ-2003,Digital Customer Portal,Revenue,IT,AMER,4000,A000,P001,CC-FIN-001,PC-AMER-01,U10003,Sarah O'Brien,6/1/2023,9/30/2024,6/19/2023,8/26/2024,8/24/2024,2,TECO,U-COMP,480000,483969.06,0,514762.52,-3969.06,0.9918,830334.64,825135.91,3411.6,3147.6,264,0.9226,6,5,83.3,2,Low,NA-PLAN,USD,2024,6,U10003,9/15/2024,SAP-BW/4HANA,2024-09-15T06:00:00Z
PRJ-2003.4,Development / Construction,PRJ-2003,Digital Customer Portal,Revenue,IT,AMER,4000,A000,P002,CC-RD-001,PC-EMEA-01,U10003,Sarah O'Brien,6/1/2023,9/30/2024,6/28/2023,9/20/2024,9/22/2024,-2,TECO,U-COMP,960000,921527.77,0,936330.05,38472.23,1.0417,1386073.38,1254818.19,8672.3,8964.3,0,1,3,3,100,1,Low,NA-EXEC,USD,2024,5,U10003,9/15/2024,SAP-BW/4HANA,2024-09-15T06:00:00Z
PRJ-2003.5,Testing & Quality Assurance,PRJ-2003,Digital Customer Portal,Revenue,IT,AMER,4000,A100,P003,CC-IT-002,PC-AMER-01,U10003,Sarah O'Brien,6/1/2023,9/30/2024,6/8/2023,9/29/2024,10/3/2024,-4,TECO,U-COMP,384000,359921.4,0,410158.21,24078.6,1.0669,648941.55,559009.29,3544.2,3137.5,406.7,0.8852,4,4,100,1,Low,NA-TEST,USD,2024,9,U10003,9/15/2024,SAP-BW/4HANA,2024-09-15T06:00:00Z
PRJ-2003.6,Training & Change Management,PRJ-2003,Digital Customer Portal,Revenue,IT,AMER,4000,A000,P004,CC-ESG-001,PC-CORP-02,U10003,Sarah O'Brien,6/1/2023,9/30/2024,6/14/2023,9/8/2024,9/28/2024,-20,REL,U-ACTV,256000,266409.74,26717.73,305843.62,-37127.47,0.9609,347322.65,338706.73,1831,2049.1,0,1,4,3,75,6,Medium,NA-TEST,USD,2024,1,U10003,9/15/2024,SAP-BW/4HANA,2024-09-15T06:00:00Z
PRJ-2003.7,Go-Live / Commissioning,PRJ-2003,Digital Customer Portal,Revenue,IT,AMER,3000,A100,P004,CC-RD-001,PC-EMEA-01,U10003,Sarah O'Brien,6/1/2023,9/30/2024,6/20/2023,9/10/2024,9/5/2024,5,REL,U-ACTV,320000,217389.11,36018.41,279253.22,66592.48,1.472,512760.67,315119.33,2842.2,2024.3,817.9,0.7122,2,2,100,4,Medium,NA-TEST,USD,2024,9,U10003,9/15/2024,SAP-BW/4HANA,2024-09-15T06:00:00Z
PRJ-2003.8,Post-Implementation Support,PRJ-2003,Digital Customer Portal,Revenue,IT,AMER,3000,A100,P004,CC-LOG-001,PC-CORP-02,U10003,Sarah O'Brien,6/1/2023,9/30/2024,6/14/2023,8/24/2024,10/20/2024,-57,TECO,U-COMP,160000,164222.19,0,173321.68,-4222.19,0.9743,246634.1,230590.32,1432.6,1374.5,58.1,0.9594,2,2,100,1,Low,NA-CLOS,USD,2024,8,U10003,9/15/2024,SAP-BW/4HANA,2024-09-15T06:00:00Z
PRJ-2004.1,Project Management,PRJ-2004,Renewable Energy Transition,Compliance,ESG,EMEA,1000,A000,P002,CC-LOG-001,PC-APAC-01,U10004,Lars Bergström,3/15/2023,3/31/2025,4/9/2023,3/19/2025,3/17/2025,2,LOCK,U-HOLD,960000,560747.5,27340.37,662312.96,371912.13,1.712,0,0,8319.1,4699.1,3620,0.5649,3,2,66.7,7,High,NA-PLAN,USD,2024,8,U10004,9/15/2024,SAP-BW/4HANA,2024-09-15T06:00:00Z
PRJ-2004.2,Requirements & Design,PRJ-2004,Renewable Energy Transition,Compliance,ESG,EMEA,2000,A000,P005,CC-LOG-001,PC-CORP-01,U10004,Lars Bergström,3/15/2023,3/31/2025,4/12/2023,3/25/2025,4/28/2025,-34,TECO,U-COMP,1440000,1457434.58,0,1612597.3,-17434.58,0.988,0,0,11582.3,11487.3,95,0.9918,3,2,66.7,1,Low,NA-CLOS,USD,2024,4,U10004,9/15/2024,SAP-BW/4HANA,2024-09-15T06:00:00Z
PRJ-2004.3,Infrastructure & Architecture,PRJ-2004,Renewable Energy Transition,Compliance,ESG,EMEA,4000,A000,P004,CC-LOG-001,PC-AMER-01,U10004,Lars Bergström,3/15/2023,3/31/2025,4/12/2023,2/27/2025,4/2/2025,-34,REL,U-ACTV,1800000,1260433.02,180254.99,1620934,359311.99,1.4281,0,0,17195.5,12270.9,4924.6,0.7136,5,4,80,7,High,NA-EXEC,USD,2024,5,U10004,9/15/2024,SAP-BW/4HANA,2024-09-15T06:00:00Z
PRJ-2004.4,Development / Construction,PRJ-2004,Renewable Energy Transition,Compliance,ESG,EMEA,4000,A000,P002,CC-IT-002,PC-EMEA-01,U10004,Lars Bergström,3/15/2023,3/31/2025,3/19/2023,3/22/2025,3/31/2025,-9,DLVD,U-COMP,3600000,2561882.4,158128.51,2957542.11,879989.09,1.4052,0,0,31921.9,21510.4,10411.5,0.6738,4,3,75,1,Low,NA-TRNG,USD,2024,6,U10004,9/15/2024,SAP-BW/4HANA,2024-09-15T06:00:00Z
PRJ-2004.5,Testing & Quality Assurance,PRJ-2004,Renewable Energy Transition,Compliance,ESG,EMEA,3000,A100,P004,CC-SAL-001,PC-APAC-01,U10004,Lars Bergström,3/15/2023,3/31/2025,3/30/2023,3/31/2025,4/25/2025,-25,DLVD,U-COMP,1440000,1013864.29,37766.26,1231535.04,388369.45,1.4203,0,0,11602.1,8609.5,2992.6,0.7421,2,2,100,2,Low,NA-CLOS,USD,2024,4,U10004,9/15/2024,SAP-BW/4HANA,2024-09-15T06:00:00Z
PRJ-2004.6,Training & Change Management,PRJ-2004,Renewable Energy Transition,Compliance,ESG,EMEA,1000,A100,P005,CC-ESG-001,PC-CORP-01,U10004,Lars Bergström,3/15/2023,3/31/2025,4/13/2023,3/23/2025,5/21/2025,-59,TECO,U-COMP,960000,950144.41,0,954323.98,9855.59,1.0104,0,0,7606.7,7798.3,0,1,5,4,80,2,Low,NA-PLAN,USD,2024,7,U10004,9/15/2024,SAP-BW/4HANA,2024-09-15T06:00:00Z
PRJ-2004.7,Go-Live / Commissioning,PRJ-2004,Renewable Energy Transition,Compliance,ESG,EMEA,1000,A100,P001,CC-SAL-001,PC-CORP-01,U10004,Lars Bergström,3/15/2023,3/31/2025,3/23/2023,3/5/2025,3/17/2025,-12,REL,U-ACTV,1200000,1039714.92,45807.48,1132350.54,114477.6,1.1542,0,0,9482.1,8141.1,1341,0.8586,4,3,75,5,Medium,NA-TEST,USD,2024,4,U10004,9/15/2024,SAP-BW/4HANA,2024-09-15T06:00:00Z
PRJ-2004.8,Post-Implementation Support,PRJ-2004,Renewable Energy Transition,Compliance,ESG,EMEA,2000,A100,P003,CC-RD-001,PC-CORP-02,U10004,Lars Bergström,3/15/2023,3/31/2025,3/19/2023,3/1/2025,2/23/2025,6,LOCK,U-HOLD,600000,325909.28,69437.14,398969.65,204653.58,1.841,0,0,4296.5,2215.8,2080.7,0.5157,2,1,50,7,High,NA-CLOS,USD,2024,2,U10004,9/15/2024,SAP-BW/4HANA,2024-09-15T06:00:00Z
PRJ-2005.1,Project Management,PRJ-2005,Global CRM Consolidation,Capital,Sales,Global,2000,A000,P003,CC-SEC-001,PC-APAC-01,U10005,Michael Chen,8/1/2023,2/28/2025,8/7/2023,2/24/2025,4/20/2025,-55,REL,U-ACTV,600000,525936.01,18485.92,546732.99,55578.07,1.1408,0,0,4717.9,4282.2,435.7,0.9076,5,3,60,7,High,NA-PLAN,USD,2024,1,U10005,9/15/2024,SAP-BW/4HANA,2024-09-15T06:00:00Z
PRJ-2005.2,Requirements & Design,PRJ-2005,Global CRM Consolidation,Capital,Sales,Global,2000,A100,P002,CC-SAL-001,PC-AMER-01,U10005,Michael Chen,8/1/2023,2/28/2025,8/14/2023,2/5/2025,3/15/2025,-38,REL,U-ACTV,900000,636593.34,77536.92,723439.42,185869.74,1.4138,0,0,7832,4999.8,2832.2,0.6384,5,4,80,2,Low,NA-CLOS,USD,2024,9,U10005,9/15/2024,SAP-BW/4HANA,2024-09-15T06:00:00Z
PRJ-2005.3,Infrastructure & Architecture,PRJ-2005,Global CRM Consolidation,Capital,Sales,Global,4000,A100,P001,CC-LOG-001,PC-AMER-01,U10005,Michael Chen,8/1/2023,2/28/2025,8/8/2023,1/30/2025,3/23/2025,-52,TECO,U-COMP,1125000,1183632.23,0,1283612.32,-58632.23,0.9505,0,0,8875.2,8862.5,12.7,0.9986,2,1,50,2,Low,NA-EXEC,USD,2024,8,U10005,9/15/2024,SAP-BW/4HANA,2024-09-15T06:00:00Z
PRJ-2005.4,Development / Construction,PRJ-2005,Global CRM Consolidation,Capital,Sales,Global,4000,A000,P004,CC-SEC-001,PC-EMEA-01,U10005,Michael Chen,8/1/2023,2/28/2025,8/3/2023,2/13/2025,3/17/2025,-32,REL,U-ACTV,2250000,1434650.63,103129.29,1632164.66,712220.08,1.5683,0,0,19290.9,13235.4,6055.5,0.6861,6,3,50,3,Low,NA-TRNG,USD,2024,1,U10005,9/15/2024,SAP-BW/4HANA,2024-09-15T06:00:00Z
PRJ-2005.5,Testing & Quality Assurance,PRJ-2005,Global CRM Consolidation,Capital,Sales,Global,3000,A100,P003,CC-FIN-001,PC-AMER-01,U10005,Michael Chen,8/1/2023,2/28/2025,8/24/2023,1/24/2025,2/15/2025,-22,REL,U-ACTV,900000,552496.98,54396.1,639739.28,293106.92,1.629,0,0,7868.9,4704.1,3164.8,0.5978,6,4,66.7,5,Medium,NA-EXEC,USD,2024,2,U10005,9/15/2024,SAP-BW/4HANA,2024-09-15T06:00:00Z
PRJ-2005.6,Training & Change Management,PRJ-2005,Global CRM Consolidation,Capital,Sales,Global,3000,A000,P002,CC-FIN-001,PC-CORP-02,U10005,Michael Chen,8/1/2023,2/28/2025,8/24/2023,1/22/2025,3/10/2025,-47,LOCK,U-HOLD,600000,344437.1,19173.28,411838.14,236389.62,1.742,0,0,5393.3,2901.1,2492.2,0.5379,3,2,66.7,8,High,NA-TEST,USD,2024,3,U10005,9/15/2024,SAP-BW/4HANA,2024-09-15T06:00:00Z
PRJ-2005.7,Go-Live / Commissioning,PRJ-2005,Global CRM Consolidation,Capital,Sales,Global,3000,A100,P004,CC-LOG-001,PC-AMER-01,U10005,Michael Chen,8/1/2023,2/28/2025,8/4/2023,2/28/2025,4/22/2025,-53,REL,U-ACTV,750000,378117.29,55060.13,464037.44,316822.58,1.9835,0,0,7139.3,3637.7,3501.6,0.5095,3,2,66.7,5,Medium,NA-EXEC,USD,2024,1,U10005,9/15/2024,SAP-BW/4HANA,2024-09-15T06:00:00Z
PRJ-2005.8,Post-Implementation Support,PRJ-2005,Global CRM Consolidation,Capital,Sales,Global,2000,A000,P005,CC-RD-002,PC-APAC-01,U10005,Michael Chen,8/1/2023,2/28/2025,8/31/2023,2/9/2025,1/30/2025,10,REL,U-ACTV,375000,325234.46,25414.84,396893.31,24350.7,1.153,0,0,3031.9,2405.5,626.4,0.7934,2,1,50,6,Medium,NA-CLOS,USD,2024,4,U10005,9/15/2024,SAP-BW/4HANA,2024-09-15T06:00:00Z
PRJ-2006.1,Project Management,PRJ-2006,Logistics Network Redesign,Process,Logistics,APAC,2000,A100,P001,CC-OPS-001,PC-CORP-02,U10006,Yuki Tanaka,4/1/2023,12/31/2024,4/4/2023,12/18/2024,2/16/2025,-60,REL,U-ACTV,464000,366247.03,29822.25,455936.88,67930.72,1.2669,0,0,4435.1,3364.5,1070.6,0.7586,6,4,66.7,7,High,NA-EXEC,USD,2024,9,U10006,9/15/2024,SAP-BW/4HANA,2024-09-15T06:00:00Z
PRJ-2006.2,Requirements & Design,PRJ-2006,Logistics Network Redesign,Process,Logistics,APAC,2000,A100,P005,CC-SEC-001,PC-CORP-02,U10006,Yuki Tanaka,4/1/2023,12/31/2024,4/28/2023,12/2/2024,11/21/2024,11,REL,U-ACTV,696000,455648.95,42352.82,569972.12,197998.23,1.5275,0,0,5747.6,3411.1,2336.5,0.5935,4,3,75,7,High,NA-TRNG,USD,2024,2,U10006,9/15/2024,SAP-BW/4HANA,2024-09-15T06:00:00Z
PRJ-2006.3,Infrastructure & Architecture,PRJ-2006,Logistics Network Redesign,Process,Logistics,APAC,3000,A100,P003,CC-SAL-001,PC-APAC-01,U10006,Yuki Tanaka,4/1/2023,12/31/2024,4/15/2023,12/24/2024,2/1/2025,-39,DLVD,U-COMP,870000,596769.55,30362.08,661796.67,242868.37,1.4578,0,0,6471.9,4048.4,2423.5,0.6255,4,3,75,2,Low,NA-TRNG,USD,2024,8,U10006,9/15/2024,SAP-BW/4HANA,2024-09-15T06:00:00Z
PRJ-2006.4,Development / Construction,PRJ-2006,Logistics Network Redesign,Process,Logistics,APAC,1000,A000,P004,CC-SAL-001,PC-EMEA-01,U10006,Yuki Tanaka,4/1/2023,12/31/2024,4/19/2023,12/30/2024,1/13/2025,-14,REL,U-ACTV,1740000,1491001.78,189559.58,1872274.71,59438.64,1.167,0,0,14951.2,11596.8,3354.4,0.7756,3,3,100,6,Medium,NA-TEST,USD,2024,3,U10006,9/15/2024,SAP-BW/4HANA,2024-09-15T06:00:00Z
PRJ-2006.5,Testing & Quality Assurance,PRJ-2006,Logistics Network Redesign,Process,Logistics,APAC,3000,A100,P005,CC-IT-001,PC-EMEA-01,U10006,Yuki Tanaka,4/1/2023,12/31/2024,4/11/2023,12/5/2024,1/17/2025,-43,DLVD,U-COMP,696000,544706.66,70591.45,716467.48,80701.89,1.2778,0,0,5747.8,4415.9,1331.9,0.7683,4,3,75,1,Low,NA-PLAN,USD,2024,6,U10006,9/15/2024,SAP-BW/4HANA,2024-09-15T06:00:00Z
PRJ-2006.6,Training & Change Management,PRJ-2006,Logistics Network Redesign,Process,Logistics,APAC,4000,A100,P001,CC-OPS-002,PC-AMER-01,U10006,Yuki Tanaka,4/1/2023,12/31/2024,4/7/2023,11/28/2024,12/24/2024,-26,REL,U-ACTV,464000,339204.09,54296.57,421631.24,70499.34,1.3679,0,0,3883.6,3116.2,767.4,0.8024,6,5,83.3,2,Low,NA-CLOS,USD,2024,3,U10006,9/15/2024,SAP-BW/4HANA,2024-09-15T06:00:00Z
PRJ-2006.7,Go-Live / Commissioning,PRJ-2006,Logistics Network Redesign,Process,Logistics,APAC,4000,A000,P002,CC-IT-002,PC-EMEA-01,U10006,Yuki Tanaka,4/1/2023,12/31/2024,4/18/2023,12/31/2024,2/19/2025,-50,REL,U-ACTV,580000,454514.95,52098.5,517177.52,73386.55,1.2761,0,0,5519.4,4419.4,1100,0.8007,3,3,100,4,Medium,NA-PLAN,USD,2024,3,U10006,9/15/2024,SAP-BW/4HANA,2024-09-15T06:00:00Z
PRJ-2006.8,Post-Implementation Support,PRJ-2006,Logistics Network Redesign,Process,Logistics,APAC,2000,A000,P003,CC-RD-002,PC-AMER-01,U10006,Yuki Tanaka,4/1/2023,12/31/2024,4/5/2023,12/7/2024,12/11/2024,-4,REL,U-ACTV,290000,292948.6,14263.99,337898,-17212.59,0.9899,0,0,2355.4,2371,0,1,5,4,80,6,Medium,NA-CLOS,USD,2024,5,U10006,9/15/2024,SAP-BW/4HANA,2024-09-15T06:00:00Z
PRJ-2007.1,Project Management,PRJ-2007,R&D Centre Expansion,Capital,R&D,AMER,4000,A100,P003,CC-OPS-002,PC-CORP-02,U10007,Dr. Priya Mehta,11/1/2022,9/30/2025,11/12/2022,9/9/2025,10/29/2025,-50,REL,U-ACTV,2240000,1232008.47,111676.51,1540896.05,896315.02,1.8182,0,0,21460.5,11778.9,9681.6,0.5489,3,2,66.7,5,Medium,NA-CLOS,USD,2024,7,U10007,9/15/2024,SAP-BW/4HANA,2024-09-15T06:00:00Z
PRJ-2007.2,Requirements & Design,PRJ-2007,R&D Centre Expansion,Capital,R&D,AMER,4000,A000,P002,CC-SAL-001,PC-APAC-01,U10007,Dr. Priya Mehta,11/1/2022,9/30/2025,11/26/2022,8/20/2025,8/19/2025,1,REL,U-ACTV,3360000,2528943.42,205220.43,2894524.72,625836.15,1.3286,0,0,27773,22632.1,5140.9,0.8149,5,3,60,7,High,NA-TEST,USD,2024,2,U10007,9/15/2024,SAP-BW/4HANA,2024-09-15T06:00:00Z
PRJ-2007.3,Infrastructure & Architecture,PRJ-2007,R&D Centre Expansion,Capital,R&D,AMER,1000,A100,P005,CC-RD-002,PC-AMER-01,U10007,Dr. Priya Mehta,11/1/2022,9/30/2025,11/11/2022,8/22/2025,9/21/2025,-30,TECO,U-COMP,4200000,4475816.81,0,4485485.8,-275816.81,0.9384,0,0,31263.6,35788.4,0,1,3,2,66.7,2,Low,NA-TRNG,USD,2024,9,U10007,9/15/2024,SAP-BW/4HANA,2024-09-15T06:00:00Z
PRJ-2007.4,Development / Construction,PRJ-2007,R&D Centre Expansion,Capital,R&D,AMER,4000,A000,P003,CC-IT-001,PC-CORP-01,U10007,Dr. Priya Mehta,11/1/2022,9/30/2025,11/25/2022,8/21/2025,8/13/2025,8,REL,U-ACTV,8400000,5613854.6,365207,6841405.06,2420938.4,1.4963,0,0,65535,41411,24124,0.6319,2,1,50,2,Low,NA-TEST,USD,2024,1,U10007,9/15/2024,SAP-BW/4HANA,2024-09-15T06:00:00Z
PRJ-2007.5,Testing & Quality Assurance,PRJ-2007,R&D Centre Expansion,Capital,R&D,AMER,2000,A100,P005,CC-OPS-001,PC-CORP-02,U10007,Dr. Priya Mehta,11/1/2022,9/30/2025,11/20/2022,9/6/2025,11/4/2025,-59,REL,U-ACTV,3360000,1937854.45,211910.76,2272840.72,1210234.79,1.7339,0,0,27261.2,16294.4,10966.8,0.5977,3,2,66.7,2,Low,NA-TRNG,USD,2024,5,U10007,9/15/2024,SAP-BW/4HANA,2024-09-15T06:00:00Z
PRJ-2007.6,Training & Change Management,PRJ-2007,R&D Centre Expansion,Capital,R&D,AMER,3000,A100,P003,CC-OPS-002,PC-EMEA-01,U10007,Dr. Priya Mehta,11/1/2022,9/30/2025,11/19/2022,9/11/2025,10/15/2025,-34,TECO,U-COMP,2240000,2064168.04,0,2334524.75,175831.96,1.0852,0,0,20913.4,19956.3,957.1,0.9542,3,2,66.7,2,Low,NA-TRNG,USD,2024,2,U10007,9/15/2024,SAP-BW/4HANA,2024-09-15T06:00:00Z
PRJ-2007.7,Go-Live / Commissioning,PRJ-2007,R&D Centre Expansion,Capital,R&D,AMER,4000,A100,P002,CC-ESG-001,PC-AMER-01,U10007,Dr. Priya Mehta,11/1/2022,9/30/2025,11/28/2022,8/18/2025,8/4/2025,14,REL,U-ACTV,2800000,1637550.65,156508.56,1918325.61,1005940.79,1.7099,0,0,24728.3,13079.3,11649,0.5289,5,3,60,6,Medium,NA-EXEC,USD,2024,4,U10007,9/15/2024,SAP-BW/4HANA,2024-09-15T06:00:00Z
PRJ-2007.8,Post-Implementation Support,PRJ-2007,R&D Centre Expansion,Capital,R&D,AMER,3000,A000,P001,CC-FIN-001,PC-AMER-01,U10007,Dr. Priya Mehta,11/1/2022,9/30/2025,11/10/2022,9/2/2025,8/17/2025,16,DLVD,U-COMP,1400000,754060.27,133780.83,1049009.96,512158.9,1.8566,0,0,12299.7,6143.5,6156.2,0.4995,2,1,50,1,Low,NA-TRNG,USD,2024,3,U10007,9/15/2024,SAP-BW/4HANA,2024-09-15T06:00:00Z
PRJ-2008.1,Project Management,PRJ-2008,Cybersecurity Transformation,Compliance,IT Security,Global,1000,A100,P001,CC-OPS-001,PC-CORP-02,U10008,James Okafor,7/15/2023,12/31/2024,8/14/2023,12/13/2024,1/5/2025,-23,TECO,U-COMP,336000,338118.56,0,387081.63,-2118.56,0.9937,0,0,2825.9,3078.9,0,1,3,2,66.7,2,Low,NA-TRNG,USD,2024,9,U10008,9/15/2024,SAP-BW/4HANA,2024-09-15T06:00:00Z
PRJ-2008.2,Requirements & Design,PRJ-2008,Cybersecurity Transformation,Compliance,IT Security,Global,2000,A100,P001,CC-ESG-001,PC-APAC-01,U10008,James Okafor,7/15/2023,12/31/2024,8/14/2023,12/8/2024,12/1/2024,7,REL,U-ACTV,504000,302265.57,29966.56,352225.2,171767.87,1.6674,0,0,3725.7,2175.7,1550,0.584,4,3,75,7,High,NA-TEST,USD,2024,4,U10008,9/15/2024,SAP-BW/4HANA,2024-09-15T06:00:00Z
PRJ-2008.3,Infrastructure & Architecture,PRJ-2008,Cybersecurity Transformation,Compliance,IT Security,Global,1000,A000,P005,CC-OPS-001,PC-EMEA-01,U10008,James Okafor,7/15/2023,12/31/2024,7/24/2023,11/30/2024,11/24/2024,6,LOCK,U-HOLD,630000,370323.76,64502.89,520763.78,195173.35,1.7012,0,0,4938.4,2849.6,2088.8,0.577,3,2,66.7,6,Medium,NA-TRNG,USD,2024,6,U10008,9/15/2024,SAP-BW/4HANA,2024-09-15T06:00:00Z
PRJ-2008.4,Development / Construction,PRJ-2008,Cybersecurity Transformation,Compliance,IT Security,Global,1000,A100,P002,CC-LOG-001,PC-EMEA-01,U10008,James Okafor,7/15/2023,12/31/2024,8/3/2023,12/5/2024,12/20/2024,-15,LOCK,U-HOLD,1260000,1231936.7,112956.98,1446990.06,-84893.68,1.0228,0,0,10775.1,11012.6,0,1,5,4,80,9,High,NA-EXEC,USD,2024,6,U10008,9/15/2024,SAP-BW/4HANA,2024-09-15T06:00:00Z
PRJ-2008.5,Testing & Quality Assurance,PRJ-2008,Cybersecurity Transformation,Compliance,IT Security,Global,2000,A000,P001,CC-RD-001,PC-CORP-02,U10008,James Okafor,7/15/2023,12/31/2024,8/14/2023,12/2/2024,11/23/2024,9,REL,U-ACTV,504000,499770.53,28593.68,596532.44,-24364.21,1.0085,0,0,4382.5,3963.8,418.7,0.9045,4,3,75,2,Low,NA-EXEC,USD,2024,4,U10008,9/15/2024,SAP-BW/4HANA,2024-09-15T06:00:00Z
PRJ-2008.6,Training & Change Management,PRJ-2008,Cybersecurity Transformation,Compliance,IT Security,Global,2000,A100,P002,CC-IT-002,PC-CORP-01,U10008,James Okafor,7/15/2023,12/31/2024,7/15/2023,12/14/2024,12/12/2024,2,TECO,U-COMP,336000,338914.21,0,368467.92,-2914.21,0.9914,0,0,3063,2924.6,138.4,0.9548,3,2,66.7,3,Low,NA-EXEC,USD,2024,1,U10008,9/15/2024,SAP-BW/4HANA,2024-09-15T06:00:00Z
PRJ-2008.7,Go-Live / Commissioning,PRJ-2008,Cybersecurity Transformation,Compliance,IT Security,Global,3000,A000,P004,CC-SAL-001,PC-CORP-02,U10008,James Okafor,7/15/2023,12/31/2024,7/17/2023,12/1/2024,1/7/2025,-37,REL,U-ACTV,420000,381189.17,18393.13,419979.9,20417.7,1.1018,0,0,3158,2609.6,548.4,0.8263,5,4,80,7,High,NA-CLOS,USD,2024,1,U10008,9/15/2024,SAP-BW/4HANA,2024-09-15T06:00:00Z
PRJ-2008.8,Post-Implementation Support,PRJ-2008,Cybersecurity Transformation,Compliance,IT Security,Global,2000,A000,P002,CC-FIN-001,PC-APAC-01,U10008,James Okafor,7/15/2023,12/31/2024,7/17/2023,12/26/2024,1/16/2025,-21,REL,U-ACTV,210000,159923.13,24444.55,186283.68,25632.32,1.3131,0,0,1739,1298.3,440.7,0.7466,2,2,100,5,Medium,NA-CLOS,USD,2024,9,U10008,9/15/2024,SAP-BW/4HANA,2024-09-15T06:00:00Z
PRJ-2009.1,Project Management,PRJ-2009,Product Line Extension - Gen5,R&D,R&D,AMER,2000,A100,P004,CC-OPS-002,PC-EMEA-01,U10009,Elena Kowalski,2/1/2023,12/31/2025,2/28/2023,11/20/2025,1/9/2026,-50,LOCK,U-HOLD,1560000,762817.1,186361.93,1073329.33,610820.97,2.0451,0,0,12819.5,6400.7,6418.8,0.4993,2,1,50,6,Medium,NA-TEST,USD,2024,8,U10009,9/15/2024,SAP-BW/4HANA,2024-09-15T06:00:00Z
PRJ-2009.2,Requirements & Design,PRJ-2009,Product Line Extension - Gen5,R&D,R&D,AMER,1000,A100,P001,CC-RD-001,PC-CORP-02,U10009,Elena Kowalski,2/1/2023,12/31/2025,2/3/2023,12/26/2025,12/16/2025,10,TECO,U-COMP,2340000,2188400.14,0,2338194.31,151599.86,1.0693,0,0,20465.9,18658.8,1807.1,0.9117,3,2,66.7,2,Low,NA-CLOS,USD,2024,1,U10009,9/15/2024,SAP-BW/4HANA,2024-09-15T06:00:00Z
PRJ-2009.3,Infrastructure & Architecture,PRJ-2009,Product Line Extension - Gen5,R&D,R&D,AMER,3000,A100,P001,CC-ESG-001,PC-APAC-01,U10009,Elena Kowalski,2/1/2023,12/31/2025,3/3/2023,12/13/2025,2/7/2026,-56,DLVD,U-COMP,2925000,1995479.47,222792.39,2512240.18,706728.14,1.4658,0,0,23722.8,17393.4,6329.4,0.7332,5,3,60,1,Low,NA-EXEC,USD,2024,3,U10009,9/15/2024,SAP-BW/4HANA,2024-09-15T06:00:00Z
PRJ-2009.4,Development / Construction,PRJ-2009,Product Line Extension - Gen5,R&D,R&D,AMER,1000,A100,P001,CC-OPS-001,PC-AMER-01,U10009,Elena Kowalski,2/1/2023,12/31/2025,2/28/2023,11/26/2025,1/24/2026,-59,LOCK,U-HOLD,5850000,3141630.71,612655.79,4061511.53,2095713.5,1.8621,0,0,49572.9,24571.7,25001.2,0.4957,4,2,50,9,High,NA-TEST,USD,2024,6,U10009,9/15/2024,SAP-BW/4HANA,2024-09-15T06:00:00Z
PRJ-2009.5,Testing & Quality Assurance,PRJ-2009,Product Line Extension - Gen5,R&D,R&D,AMER,4000,A100,P002,CC-RD-001,PC-AMER-01,U10009,Elena Kowalski,2/1/2023,12/31/2025,2/7/2023,12/7/2025,1/9/2026,-33,REL,U-ACTV,2340000,915740.63,250347.87,1364867.2,1173911.5,2.5553,0,0,18919.6,6873.7,12045.9,0.3633,2,1,50,6,Medium,NA-TEST,USD,2024,2,U10009,9/15/2024,SAP-BW/4HANA,2024-09-15T06:00:00Z
PRJ-2009.6,Training & Change Management,PRJ-2009,Product Line Extension - Gen5,R&D,R&D,AMER,1000,A100,P004,CC-IT-002,PC-AMER-01,U10009,Elena Kowalski,2/1/2023,12/31/2025,2/14/2023,12/14/2025,12/21/2025,-7,REL,U-ACTV,1560000,681850.22,148892,842386.64,729257.78,2.2879,0,0,11368.2,4912.3,6455.9,0.4321,5,3,60,5,Medium,NA-CLOS,USD,2024,8,U10009,9/15/2024,SAP-BW/4HANA,2024-09-15T06:00:00Z
PRJ-2009.7,Go-Live / Commissioning,PRJ-2009,Product Line Extension - Gen5,R&D,R&D,AMER,3000,A000,P001,CC-LOG-001,PC-EMEA-01,U10009,Elena Kowalski,2/1/2023,12/31/2025,2/25/2023,12/15/2025,1/1/2026,-17,DLVD,U-COMP,1950000,1157571.24,47856.39,1321042.17,744572.37,1.6846,0,0,16734.2,8955.7,7778.5,0.5352,4,2,50,1,Low,NA-EXEC,USD,2024,3,U10009,9/15/2024,SAP-BW/4HANA,2024-09-15T06:00:00Z
PRJ-2009.8,Post-Implementation Support,PRJ-2009,Product Line Extension - Gen5,R&D,R&D,AMER,1000,A100,P005,CC-RD-002,PC-APAC-01,U10009,Elena Kowalski,2/1/2023,12/31/2025,2/14/2023,12/30/2025,2/6/2026,-38,TECO,U-COMP,975000,932897.27,0,1014610.59,42102.73,1.0451,0,0,8534.6,7927.9,606.7,0.9289,5,3,60,1,Low,NA-TRNG,USD,2024,7,U10009,9/15/2024,SAP-BW/4HANA,2024-09-15T06:00:00Z
PRJ-2010.1,Project Management,PRJ-2010,Finance Transformation (SSC),Process,Finance,EMEA,4000,A000,P004,CC-FIN-001,PC-AMER-01,U10010,François Dupont,5/1/2023,1/31/2025,5/8/2023,1/4/2025,2/28/2025,-55,REL,U-ACTV,544000,325859.15,12014.6,364374.83,206126.25,1.6694,0,0,4943.1,3030.9,1912.2,0.6132,4,3,75,2,Low,NA-EXEC,USD,2024,6,U10010,9/15/2024,SAP-BW/4HANA,2024-09-15T06:00:00Z
PRJ-2010.2,Requirements & Design,PRJ-2010,Finance Transformation (SSC),Process,Finance,EMEA,1000,A000,P003,CC-OPS-002,PC-CORP-02,U10010,François Dupont,5/1/2023,1/31/2025,5/27/2023,1/22/2025,2/1/2025,-10,REL,U-ACTV,816000,475126.32,67991.13,608063.48,272882.55,1.7174,0,0,6175.6,3794.5,2381.1,0.6144,4,3,75,7,High,NA-CLOS,USD,2024,3,U10010,9/15/2024,SAP-BW/4HANA,2024-09-15T06:00:00Z
PRJ-2010.3,Infrastructure & Architecture,PRJ-2010,Finance Transformation (SSC),Process,Finance,EMEA,2000,A100,P001,CC-LOG-001,PC-EMEA-01,U10010,François Dupont,5/1/2023,1/31/2025,5/28/2023,12/22/2024,1/11/2025,-20,LOCK,U-HOLD,1020000,593456.18,117431.8,806964.14,309112.02,1.7187,0,0,8408.1,4954.4,3453.7,0.5892,6,4,66.7,8,High,NA-TEST,USD,2024,5,U10010,9/15/2024,SAP-BW/4HANA,2024-09-15T06:00:00Z
PRJ-2010.4,Development / Construction,PRJ-2010,Finance Transformation (SSC),Process,Finance,EMEA,4000,A100,P005,CC-SAL-001,PC-CORP-01,U10010,François Dupont,5/1/2023,1/31/2025,5/20/2023,12/24/2024,2/6/2025,-44,DLVD,U-COMP,2040000,1170024.39,144296.72,1409305.91,725678.89,1.7436,0,0,16754.8,8758,7996.8,0.5227,4,3,75,1,Low,NA-TRNG,USD,2024,4,U10010,9/15/2024,SAP-BW/4HANA,2024-09-15T06:00:00Z
PRJ-2010.5,Testing & Quality Assurance,PRJ-2010,Finance Transformation (SSC),Process,Finance,EMEA,1000,A000,P004,CC-LOG-001,PC-APAC-01,U10010,François Dupont,5/1/2023,1/31/2025,5/17/2023,12/21/2024,12/23/2024,-2,REL,U-ACTV,816000,661297.17,57231.57,835753.96,97471.26,1.2339,0,0,6699.1,5766.7,932.4,0.8608,4,3,75,2,Low,NA-CLOS,USD,2024,3,U10010,9/15/2024,SAP-BW/4HANA,2024-09-15T06:00:00Z
PRJ-2010.6,Training & Change Management,PRJ-2010,Finance Transformation (SSC),Process,Finance,EMEA,3000,A100,P005,CC-OPS-001,PC-AMER-01,U10010,François Dupont,5/1/2023,1/31/2025,5/18/2023,12/19/2024,1/17/2025,-29,REL,U-ACTV,544000,386358.39,26269.41,445983.38,131372.2,1.408,0,0,4313.5,3123.5,1190,0.7241,4,3,75,2,Low,NA-PLAN,USD,2024,3,U10010,9/15/2024,SAP-BW/4HANA,2024-09-15T06:00:00Z
PRJ-2010.7,Go-Live / Commissioning,PRJ-2010,Finance Transformation (SSC),Process,Finance,EMEA,1000,A100,P005,CC-RD-001,PC-CORP-01,U10010,François Dupont,5/1/2023,1/31/2025,5/21/2023,1/10/2025,1/6/2025,4,REL,U-ACTV,680000,464570.07,58211.72,590319.58,157218.21,1.4637,0,0,5035.9,3584.2,1451.7,0.7117,2,1,50,5,Medium,NA-TEST,USD,2024,5,U10010,9/15/2024,SAP-BW/4HANA,2024-09-15T06:00:00Z
PRJ-2010.8,Post-Implementation Support,PRJ-2010,Finance Transformation (SSC),Process,Finance,EMEA,1000,A100,P005,CC-OPS-001,PC-APAC-01,U10010,François Dupont,5/1/2023,1/31/2025,5/17/2023,12/28/2024,2/13/2025,-47,TECO,U-COMP,340000,331390.24,0,370464.21,8609.76,1.026,0,0,2571.5,2757,0,1,3,2,66.7,1,Low,NA-TRNG,USD,2024,3,U10010,9/15/2024,SAP-BW/4HANA,2024-09-15T06:00:00Z
